Source_lat,Source_lon,Target_lat,Target_lon,Frequency per week
12.95,77.668,23.887,91.24,7
28.567,77.103,23.887,91.24,7
26.106,91.586,23.887,91.24,25
24.76,93.897,23.887,91.24,7
22.655,88.447,23.887,91.24,77
10.152,76.402,10.824,72.176,14
19.863,75.398,23.077,72.635,13
26.681,88.329,23.077,72.635,13
12.95,77.668,23.077,72.635,76
15.859,74.618,23.077,72.635,7
21.752,72.185,23.077,72.635,6
23.287,77.337,23.077,72.635,14
20.244,85.818,23.077,72.635,7
30.673,76.789,23.077,72.635,27
12.907,80.122,23.077,72.635,55
10.152,76.402,23.077,72.635,14
30.19,78.18,23.077,72.635,13
28.567,77.103,23.077,72.635,172
20.713,70.921,23.077,72.635,6
15.381,73.831,23.077,72.635,27
26.106,91.586,23.077,72.635,6
15.362,75.085,23.077,72.635,7
17.453,78.468,23.077,72.635,59
22.7281,75.8042,23.077,72.635,40
23.178,80.052,23.077,72.635,6
26.824,75.812,23.077,72.635,39
26.889,70.865,23.077,72.635,12
20.9614,75.6192,23.077,72.635,7
26.251,73.049,23.077,72.635,13
23.113,70.1,23.077,72.635,13
26.441,80.365,23.077,72.635,6
26.5894,74.8171,23.077,72.635,6
22.655,88.447,23.077,72.635,29
26.761,80.889,23.077,72.635,29
28.905,77.677,23.077,72.635,6
19.089,72.868,23.077,72.635,88
21.0901,79.0548,23.077,72.635,13
20.1129,73.8938,23.077,72.635,13
25.591,85.088,23.077,72.635,6
21.649,69.657,23.077,72.635,7
18.582,73.92,23.077,72.635,41
33.987,74.774,23.077,72.635,7
24.618,73.896,23.077,72.635,6
25.452,82.859,23.077,72.635,20
23.077,72.635,21.752,72.185,6
21.114,72.742,21.752,72.185,6
23.077,72.635,21.649,69.657,7
19.089,72.868,21.649,69.657,7
19.089,72.868,22.466,70.013,7
28.567,77.103,22.309,70.78,14
19.089,72.868,22.309,70.78,21
19.089,72.868,23.288,69.67,7
23.077,72.635,23.113,70.1,12
19.089,72.868,23.113,70.1,7
12.95,77.668,21.114,72.742,14
21.752,72.185,21.114,72.742,6
12.907,80.122,21.114,72.742,14
28.567,77.103,21.114,72.742,42
15.381,73.831,21.114,72.742,21
17.453,78.468,21.114,72.742,14
26.824,75.812,21.114,72.742,10
26.889,70.865,21.114,72.742,7
22.655,88.447,21.114,72.742,28
19.089,72.868,21.114,72.742,7
21.0901,79.0548,21.114,72.742,7
24.618,73.896,21.114,72.742,7
12.95,77.668,22.336,73.226,15
28.567,77.103,22.336,73.226,49
17.453,78.468,22.336,73.226,7
19.089,72.868,22.336,73.226,22
21.0901,79.0548,22.336,73.226,14
26.106,91.586,23.841,92.62,14
24.76,93.897,23.841,92.62,4
22.655,88.447,23.841,92.62,21
26.824,75.812,27.156,77.961,4
23.287,77.337,25.44,81.734,7
12.95,77.668,25.44,81.734,7
28.567,77.103,25.44,81.734,28
22.655,88.447,25.44,81.734,21
19.089,72.868,25.44,81.734,7
21.18,81.739,25.44,81.734,21
12.95,77.668,26.74,83.45,7
28.567,77.103,26.74,83.45,14
17.453,78.468,26.74,83.45,7
22.655,88.447,26.74,83.45,7
19.089,72.868,26.74,83.45,7
15.362,75.085,28.708,77.359,3
29.5967,80.2363,28.708,77.359,7
23.077,72.635,26.441,80.365,6
28.567,77.103,26.441,80.365,7
19.089,72.868,26.441,80.365,14
23.077,72.635,26.761,80.889,36
12.95,77.668,26.761,80.889,41
12.907,80.122,26.761,80.889,7
30.19,78.18,26.761,80.889,6
28.567,77.103,26.761,80.889,147
15.381,73.831,26.761,80.889,8
17.453,78.468,26.761,80.889,20
22.655,88.447,26.761,80.889,28
19.089,72.868,26.761,80.889,63
25.591,85.088,26.761,80.889,14
18.582,73.92,26.761,80.889,7
33.987,74.774,26.761,80.889,7
23.077,72.635,25.452,82.859,19
23.077,72.635,25.452,82.859,13
12.95,77.668,25.452,82.859,27
20.244,85.818,25.452,82.859,7
12.907,80.122,25.452,82.859,18
30.19,78.18,25.452,82.859,3
28.567,77.103,25.452,82.859,127
24.744,84.951,25.452,82.859,15
17.453,78.468,25.452,82.859,36
26.824,75.812,25.452,82.859,11
24.817,79.919,25.452,82.859,12
22.655,88.447,25.452,82.859,33
19.089,72.868,25.452,82.859,56
28.567,77.103,31.434,75.759,7
12.95,77.668,31.71,74.797,7
30.19,78.18,31.71,74.797,2
28.567,77.103,31.71,74.797,87
17.453,78.468,31.71,74.797,7
26.824,75.812,31.71,74.797,7
22.655,88.447,31.71,74.797,7
19.089,72.868,31.71,74.797,16
25.591,85.088,31.71,74.797,11
33.987,74.774,31.71,74.797,14
28.567,77.103,30.2715,74.7458,3
23.077,72.635,30.673,76.789,23
12.95,77.668,30.673,76.789,19
30.19,78.18,30.673,76.789,2
28.567,77.103,30.673,76.789,167
32.165,76.2601,30.673,76.789,6
17.453,78.468,30.673,76.789,8
22.655,88.447,30.673,76.789,23
31.877,77.154,30.673,76.789,18
34.1425,77.5555,30.673,76.789,4
19.089,72.868,30.673,76.789,41
18.582,73.92,30.673,76.789,3
31.082,77.068,30.673,76.789,6
33.987,74.774,30.673,76.789,13
23.077,72.635,26.681,88.329,13
12.95,77.668,26.681,88.329,21
12.907,80.122,26.681,88.329,7
28.567,77.103,26.681,88.329,69
27.484,95.017,26.681,88.329,7
26.106,91.586,26.681,88.329,21
17.453,78.468,26.681,88.329,7
22.655,88.447,26.681,88.329,66
19.089,72.868,26.681,88.329,14
28.567,77.103,23.583,87.34,7
17.453,78.468,23.583,87.34,4
23.887,91.24,22.655,88.447,78
23.077,72.635,22.655,88.447,35
23.841,92.62,22.655,88.447,14
25.44,81.734,22.655,88.447,21
31.71,74.797,22.655,88.447,7
26.681,88.329,22.655,88.447,66
12.95,77.668,22.655,88.447,142
20.244,85.818,22.655,88.447,56
30.673,76.789,22.655,88.447,14
12.907,80.122,22.655,88.447,120
10.152,76.402,22.655,88.447,8
28.567,77.103,22.655,88.447,278
27.484,95.017,22.655,88.447,26
25.884,93.771,22.655,88.447,13
24.744,84.951,22.655,88.447,13
15.381,73.831,22.655,88.447,7
26.74,83.45,22.655,88.447,7
26.106,91.586,22.655,88.447,122
26.293,78.228,22.655,88.447,7
17.453,78.468,22.655,88.447,65
24.76,93.897,22.655,88.447,26
22.7281,75.8042,22.655,88.447,7
23.178,80.052,22.655,88.447,35
26.824,75.812,22.655,88.447,43
26.732,94.176,22.655,88.447,7
27.295,94.098,22.655,88.447,7
26.761,80.889,22.655,88.447,30
19.089,72.868,22.655,88.447,169
21.0901,79.0548,22.655,88.447,15
27.231,88.587,22.655,88.447,7
25.591,85.088,22.655,88.447,116
11.641,92.73,22.655,88.447,61
18.582,73.92,22.655,88.447,34
21.18,81.739,22.655,88.447,50
25.7062,91.9751,22.655,88.447,7
24.913,92.979,22.655,88.447,30
21.114,72.742,22.655,88.447,22
25.452,82.859,22.655,88.447,33
17.7285,83.2236,22.655,88.447,14
23.887,91.24,12.95,77.668,7
10.824,72.176,12.95,77.668,7
23.077,72.635,12.95,77.668,89
25.44,81.734,12.95,77.668,7
31.71,74.797,12.95,77.668,7
26.681,88.329,12.95,77.668,21
15.8631,74.6114,12.95,77.668,28
15.859,74.618,12.95,77.668,2
23.287,77.337,12.95,77.668,7
20.244,85.818,12.95,77.668,52
17.91,77.469,12.95,77.668,7
11.137,75.955,12.95,77.668,14
30.673,76.789,12.95,77.668,19
12.907,80.122,12.95,77.668,129
10.152,76.402,12.95,77.668,70
11.03,77.043,12.95,77.668,39
30.19,78.18,12.95,77.668,12
28.567,77.103,12.95,77.668,321
15.381,73.831,12.95,77.668,68
26.74,83.45,12.95,77.668,7
26.106,91.586,12.95,77.668,31
26.293,78.228,12.95,77.668,6
15.362,75.085,12.95,77.668,21
17.453,78.468,12.95,77.668,224
24.76,93.897,12.95,77.668,20
22.7281,75.8042,12.95,77.668,26
26.824,75.812,12.95,77.668,33
26.889,70.865,12.95,77.668,7
21.914,84.05,12.95,77.668,7
26.251,73.049,12.95,77.668,7
11.9171,75.547,12.95,77.668,19
16.665,74.289,12.95,77.668,7
22.655,88.447,12.95,77.668,118
26.761,80.889,12.95,77.668,39
9.835,78.093,12.95,77.668,26
12.961,74.89,12.95,77.668,68
19.089,72.868,12.95,77.668,341
12.307,76.65,12.95,77.668,7
21.0901,79.0548,12.95,77.668,28
25.591,85.088,12.95,77.668,41
11.969,79.81,12.95,77.668,6
11.641,92.73,12.95,77.668,20
18.582,73.92,12.95,77.668,116
21.18,81.739,12.95,77.668,14
17.11,81.818,12.95,77.668,14
23.3173,85.3251,12.95,77.668,27
19.6924,74.3941,12.95,77.668,19
21.114,72.742,12.95,77.668,14
13.634,79.5443,12.95,77.668,7
10.7618,78.709,12.95,77.668,7
8.4834,76.9198,12.95,77.668,51
8.724,78.026,12.95,77.668,7
24.618,73.896,12.95,77.668,8
22.336,73.226,12.95,77.668,14
25.452,82.859,12.95,77.668,27
15.1785,76.6282,12.95,77.668,7
16.53,80.797,12.95,77.668,40
17.7285,83.2236,12.95,77.668,34
23.077,72.635,15.859,74.618,7
12.95,77.668,15.859,74.618,29
14.51,78.773,15.859,74.618,7
17.453,78.468,15.859,74.618,21
19.089,72.868,15.859,74.618,11
12.307,76.65,15.859,74.618,7
18.582,73.92,15.859,74.618,7
13.634,79.5443,15.859,74.618,7
23.077,72.635,15.362,75.085,7
12.95,77.668,15.362,75.085,19
12.907,80.122,15.362,75.085,7
10.152,76.402,15.362,75.085,7
15.381,73.831,15.362,75.085,7
28.708,77.359,15.362,75.085,3
17.453,78.468,15.362,75.085,7
11.9171,75.547,15.362,75.085,7
19.089,72.868,15.362,75.085,5
13.634,79.5443,15.362,75.085,7
12.95,77.668,12.961,74.89,66
12.907,80.122,12.961,74.89,14
28.567,77.103,12.961,74.89,14
17.453,78.468,12.961,74.89,14
19.089,72.868,12.961,74.89,35
18.582,73.92,12.961,74.89,7
12.95,77.668,15.1785,76.6282,7
17.453,78.468,15.1785,76.6282,7
12.95,77.668,12.307,76.65,7
15.8631,74.6114,12.307,76.65,7
12.907,80.122,12.307,76.65,14
10.152,76.402,12.307,76.65,7
15.381,73.831,12.307,76.65,7
17.453,78.468,12.307,76.65,14
23.077,72.635,23.287,77.337,14
25.44,81.734,23.287,77.337,7
12.95,77.668,23.287,77.337,7
28.567,77.103,23.287,77.337,55
17.453,78.468,23.287,77.337,14
26.824,75.812,23.287,77.337,14
19.089,72.868,23.287,77.337,35
21.0901,79.0548,23.287,77.337,7
18.582,73.92,23.287,77.337,6
21.18,81.739,23.287,77.337,7
24.618,73.896,23.287,77.337,7
12.95,77.668,26.293,78.228,6
28.567,77.103,26.293,78.228,3
17.453,78.468,26.293,78.228,7
22.7281,75.8042,26.293,78.228,3
32.689,74.837,26.293,78.228,7
22.655,88.447,26.293,78.228,7
23.077,72.635,22.7281,75.8042,54
12.95,77.668,22.7281,75.8042,28
15.859,74.618,22.7281,75.8042,3
12.907,80.122,22.7281,75.8042,7
28.567,77.103,22.7281,75.8042,81
15.381,73.831,22.7281,75.8042,14
26.293,78.228,22.7281,75.8042,3
17.453,78.468,22.7281,75.8042,28
26.824,75.812,22.7281,75.8042,7
26.5894,74.8171,22.7281,75.8042,3
22.655,88.447,22.7281,75.8042,7
19.089,72.868,22.7281,75.8042,37
21.0901,79.0548,22.7281,75.8042,8
21.18,81.739,22.7281,75.8042,7
19.6924,74.3941,22.7281,75.8042,7
27.156,77.961,24.817,79.919,3
25.452,82.859,24.817,79.919,4
23.077,72.635,23.178,80.052,6
28.567,77.103,23.178,80.052,14
17.453,78.468,23.178,80.052,14
22.655,88.447,23.178,80.052,14
19.089,72.868,23.178,80.052,7
23.077,72.635,20.244,85.818,6
12.95,77.668,20.244,85.818,49
12.907,80.122,20.244,85.818,15
28.567,77.103,20.244,85.818,58
26.106,91.586,20.244,85.818,7
17.453,78.468,20.244,85.818,28
21.914,84.05,20.244,85.818,7
22.655,88.447,20.244,85.818,50
19.089,72.868,20.244,85.818,21
21.0901,79.0548,20.244,85.818,7
23.3173,85.3251,20.244,85.818,7
20.244,85.818,21.914,84.05,7
21.18,81.739,21.914,84.05,7
28.567,77.103,21.914,84.05,7
17.453,78.468,21.914,84.05,7
22.655,88.447,21.914,84.05,7
12.95,77.668,11.137,75.955,7
19.089,72.868,11.137,75.955,7
12.907,80.122,11.137,75.955,7
19.089,72.868,11.137,75.955,7
28.567,77.103,11.137,75.955,7
12.95,77.668,11.137,75.955,7
12.907,80.122,11.137,75.955,7
10.824,72.176,10.152,76.402,7
23.077,72.635,10.152,76.402,13
12.95,77.668,10.152,76.402,77
12.907,80.122,10.152,76.402,76
28.567,77.103,10.152,76.402,56
15.381,73.831,10.152,76.402,7
15.362,75.085,10.152,76.402,7
17.453,78.468,10.152,76.402,43
11.9171,75.547,10.152,76.402,14
22.655,88.447,10.152,76.402,14
19.089,72.868,10.152,76.402,56
12.307,76.65,10.152,76.402,7
18.582,73.92,10.152,76.402,13
13.634,79.5443,10.152,76.402,6
8.4834,76.9198,10.152,76.402,14
12.95,77.668,11.9171,75.547,26
11.137,75.955,11.9171,75.547,5
12.907,80.122,11.9171,75.547,14
10.152,76.402,11.9171,75.547,14
28.567,77.103,11.9171,75.547,7
15.381,73.831,11.9171,75.547,7
15.362,75.085,11.9171,75.547,7
17.453,78.468,11.9171,75.547,21
19.089,72.868,11.9171,75.547,7
8.4834,76.9198,11.9171,75.547,8
12.95,77.668,8.4834,76.9198,39
12.907,80.122,8.4834,76.9198,41
10.152,76.402,8.4834,76.9198,7
28.567,77.103,8.4834,76.9198,14
17.453,78.468,8.4834,76.9198,7
11.9171,75.547,8.4834,76.9198,8
19.089,72.868,8.4834,76.9198,28
23.077,72.635,12.907,80.122,75
23.6179,87.2401,12.907,80.122,7
26.681,88.329,12.907,80.122,7
12.95,77.668,12.907,80.122,154
20.244,85.818,12.907,80.122,14
11.137,75.955,12.907,80.122,15
10.152,76.402,12.907,80.122,78
11.03,77.043,12.907,80.122,107
14.51,78.773,12.907,80.122,7
28.567,77.103,12.907,80.122,170
15.381,73.831,12.907,80.122,27
26.106,91.586,12.907,80.122,26
15.362,75.085,12.907,80.122,7
17.453,78.468,12.907,80.122,131
22.7281,75.8042,12.907,80.122,8
26.824,75.812,12.907,80.122,14
11.9171,75.547,12.907,80.122,14
22.655,88.447,12.907,80.122,102
26.761,80.889,12.907,80.122,8
9.835,78.093,12.907,80.122,99
12.961,74.89,12.907,80.122,14
19.089,72.868,12.907,80.122,157
12.307,76.65,12.907,80.122,14
21.0901,79.0548,12.907,80.122,7
25.591,85.088,12.907,80.122,8
11.641,92.73,12.907,80.122,69
18.582,73.92,12.907,80.122,49
21.18,81.739,12.907,80.122,7
17.11,81.818,12.907,80.122,7
1.783,78.066,12.907,80.122,7
19.6924,74.3941,12.907,80.122,14
21.114,72.742,12.907,80.122,7
10.7618,78.709,12.907,80.122,61
8.4834,76.9198,12.907,80.122,43
8.724,78.026,12.907,80.122,35
25.452,82.859,12.907,80.122,18
16.53,80.797,12.907,80.122,17
17.7285,83.2236,12.907,80.122,27
12.95,77.668,11.03,77.043,39
12.907,80.122,11.03,77.043,100
28.567,77.103,11.03,77.043,35
17.453,78.468,11.03,77.043,42
12.961,74.89,11.03,77.043,2
19.089,72.868,11.03,77.043,40
18.582,73.92,11.03,77.043,7
12.95,77.668,9.835,78.093,26
12.907,80.122,9.835,78.093,91
28.567,77.103,9.835,78.093,7
17.453,78.468,9.835,78.093,21
19.089,72.868,9.835,78.093,7
12.95,77.668,10.7618,78.709,7
12.907,80.122,10.7618,78.709,49
17.453,78.468,10.7618,78.709,7
12.95,77.668,8.724,78.026,7
12.907,80.122,8.724,78.026,35
12.907,80.122,1.783,78.066,7
23.077,72.635,30.19,78.18,14
12.95,77.668,30.19,78.18,12
28.567,77.103,30.19,78.18,59
17.453,78.468,30.19,78.18,7
26.824,75.812,30.19,78.18,7
26.761,80.889,30.19,78.18,6
19.089,72.868,30.19,78.18,24
29.5967,80.2363,30.19,78.18,14
25.452,82.859,30.19,78.18,3
30.19,78.18,29.033,79.474,4
29.033,79.474,29.033,79.474,4
30.19,78.18,29.5967,80.2363,14
28.708,77.359,29.5967,80.2363,7
31.434,75.759,28.567,77.103,7
23.077,72.635,28.567,77.103,74
25.44,81.734,28.567,77.103,21
31.71,74.797,28.567,77.103,39
23.6179,87.2401,28.567,77.103,7
19.863,75.398,28.567,77.103,14
26.681,88.329,28.567,77.103,48
12.95,77.668,28.567,77.103,191
30.2715,74.7458,28.567,77.103,3
23.287,77.337,28.567,77.103,34
20.244,85.818,28.567,77.103,29
28.0556,73.1963,28.567,77.103,7
11.137,75.955,28.567,77.103,3
30.673,76.789,28.567,77.103,80
12.907,80.122,28.567,77.103,77
21.18,81.739,28.567,77.103,11
10.152,76.402,28.567,77.103,56
11.03,77.043,28.567,77.103,14
30.19,78.18,28.567,77.103,32
32.165,76.2601,28.567,77.103,8
15.381,73.831,28.567,77.103,81
26.74,83.45,28.567,77.103,14
26.106,91.586,28.567,77.103,72
26.293,78.228,28.567,77.103,3
17.453,78.468,28.567,77.103,124
24.76,93.897,28.567,77.103,7
22.7281,75.8042,28.567,77.103,46
23.178,80.052,28.567,77.103,14
26.824,75.812,28.567,77.103,29
26.889,70.865,28.567,77.103,7
32.689,74.837,28.567,77.103,50
21.914,84.05,28.567,77.103,7
26.251,73.049,28.567,77.103,21
32.165,76.263,28.567,77.103,6
11.9171,75.547,28.567,77.103,8
26.441,80.365,28.567,77.103,7
26.5894,74.8171,28.567,77.103,7
22.655,88.447,28.567,77.103,142
31.877,77.154,28.567,77.103,21
34.1425,77.5555,28.567,77.103,29
26.761,80.889,28.567,77.103,77
30.855,75.953,28.567,77.103,4
12.961,74.89,28.567,77.103,7
19.089,72.868,28.567,77.103,328
21.0901,79.0548,28.567,77.103,42
32.234,75.635,28.567,77.103,3
25.591,85.088,28.567,77.103,128
25.591,85.088,28.567,77.103,4
11.641,92.73,28.567,77.103,3
18.582,73.92,28.567,77.103,107
21.18,81.739,28.567,77.103,14
22.309,70.78,28.567,77.103,15
23.3173,85.3251,28.567,77.103,70
31.082,77.068,28.567,77.103,7
19.6924,74.3941,28.567,77.103,14
33.987,74.774,28.567,77.103,74
21.114,72.742,28.567,77.103,29
34.653,77.376,28.567,77.103,2
8.4834,76.9198,28.567,77.103,14
24.618,73.896,28.567,77.103,14
22.336,73.226,28.567,77.103,14
25.452,82.859,28.567,77.103,70
16.53,80.797,28.567,77.103,14
17.7285,83.2236,28.567,77.103,34
26.681,88.329,27.484,95.017,7
28.567,77.103,27.484,95.017,16
26.106,91.586,27.484,95.017,14
22.655,88.447,27.484,95.017,33
23.887,91.24,26.106,91.586,25
23.077,72.635,26.106,91.586,21
23.841,92.62,26.106,91.586,7
26.681,88.329,26.106,91.586,21
12.95,77.668,26.106,91.586,39
20.244,85.818,26.106,91.586,7
12.907,80.122,26.106,91.586,26
28.567,77.103,26.106,91.586,107
27.484,95.017,26.106,91.586,23
17.453,78.468,26.106,91.586,9
24.76,93.897,26.106,91.586,32
26.824,75.812,26.106,91.586,14
26.732,94.176,26.106,91.586,7
22.655,88.447,26.106,91.586,118
19.089,72.868,26.106,91.586,28
28.066,95.336,26.106,91.586,4
24.913,92.979,26.106,91.586,14
26.709,92.785,26.106,91.586,3
26.106,91.586,26.732,94.176,7
22.655,88.447,26.732,94.176,7
23.841,92.62,24.913,92.979,1
28.567,77.103,24.913,92.979,7
26.106,91.586,24.913,92.979,14
22.655,88.447,24.913,92.979,28
26.106,91.586,26.709,92.785,3
22.655,88.447,27.295,94.098,1
22.655,88.447,27.295,94.098,6
22.655,88.447,25.884,93.771,13
28.567,77.103,24.744,84.951,7
22.655,88.447,24.744,84.951,13
25.452,82.859,24.744,84.951,8
23.077,72.635,25.591,85.088,13
31.71,74.797,25.591,85.088,11
12.95,77.668,25.591,85.088,48
12.907,80.122,25.591,85.088,8
28.567,77.103,25.591,85.088,204
17.453,78.468,25.591,85.088,22
22.655,88.447,25.591,85.088,74
26.761,80.889,25.591,85.088,14
19.089,72.868,25.591,85.088,67
23.3173,85.3251,25.591,85.088,7
23.077,72.635,15.381,73.831,26
12.95,77.668,15.381,73.831,76
12.907,80.122,15.381,73.831,27
10.152,76.402,15.381,73.831,7
28.567,77.103,15.381,73.831,137
15.362,75.085,15.381,73.831,7
17.453,78.468,15.381,73.831,64
22.7281,75.8042,15.381,73.831,14
11.9171,75.547,15.381,73.831,7
22.655,88.447,15.381,73.831,7
26.761,80.889,15.381,73.831,7
19.089,72.868,15.381,73.831,148
18.582,73.92,15.381,73.831,20
21.114,72.742,15.381,73.831,21
23.077,72.635,17.453,78.468,61
31.71,74.797,17.453,78.468,7
23.6179,87.2401,17.453,78.468,4
19.863,75.398,17.453,78.468,14
26.681,88.329,17.453,78.468,7
12.95,77.668,17.453,78.468,199
15.8631,74.6114,17.453,78.468,23
23.287,77.337,17.453,78.468,14
20.244,85.818,17.453,78.468,29
30.673,76.789,17.453,78.468,25
12.907,80.122,17.453,78.468,127
10.152,76.402,17.453,78.468,44
11.03,77.043,17.453,78.468,36
14.51,78.773,17.453,78.468,7
30.19,78.18,17.453,78.468,7
28.567,77.103,17.453,78.468,212
15.381,73.831,17.453,78.468,69
26.74,83.45,17.453,78.468,7
26.106,91.586,17.453,78.468,10
26.293,78.228,17.453,78.468,7
15.362,75.085,17.453,78.468,8
22.7281,75.8042,17.453,78.468,29
23.178,80.052,17.453,78.468,16
19.074,82.037,17.453,78.468,7
26.824,75.812,17.453,78.468,46
21.914,84.05,17.453,78.468,7
11.9171,75.547,17.453,78.468,21
26.5894,74.8171,17.453,78.468,8
16.665,74.289,17.453,78.468,14
22.655,88.447,17.453,78.468,79
26.761,80.889,17.453,78.468,22
9.835,78.093,17.453,78.468,21
12.961,74.89,17.453,78.468,15
19.089,72.868,17.453,78.468,165
12.307,76.65,17.453,78.468,15
21.0901,79.0548,17.453,78.468,7
19.1833,77.3347,17.453,78.468,7
20.1129,73.8938,17.453,78.468,7
25.591,85.088,17.453,78.468,21
11.969,79.81,17.453,78.468,7
11.641,92.73,17.453,78.468,7
18.582,73.92,17.453,78.468,34
21.18,81.739,17.453,78.468,28
17.11,81.818,17.453,78.468,51
23.3173,85.3251,17.453,78.468,7
19.6924,74.3941,17.453,78.468,32
21.114,72.742,17.453,78.468,15
13.634,79.5443,17.453,78.468,63
10.7618,78.709,17.453,78.468,8
8.4834,76.9198,17.453,78.468,21
24.618,73.896,17.453,78.468,7
22.336,73.226,17.453,78.468,7
25.452,82.859,17.453,78.468,28
15.1785,76.6282,17.453,78.468,7
16.53,80.797,17.453,78.468,80
17.7285,83.2236,17.453,78.468,66
23.887,91.24,24.76,93.897,6
23.841,92.62,24.76,93.897,4
12.95,77.668,24.76,93.897,13
28.567,77.103,24.76,93.897,9
26.106,91.586,24.76,93.897,44
22.655,88.447,24.76,93.897,27
28.567,77.103,28.0556,73.1963,7
27.156,77.961,26.824,75.812,4
23.077,72.635,26.824,75.812,34
31.71,74.797,26.824,75.812,7
12.95,77.668,26.824,75.812,47
23.287,77.337,26.824,75.812,14
12.907,80.122,26.824,75.812,14
30.19,78.18,26.824,75.812,7
28.567,77.103,26.824,75.812,59
26.106,91.586,26.824,75.812,14
17.453,78.468,26.824,75.812,42
22.7281,75.8042,26.824,75.812,7
26.889,70.865,26.824,75.812,7
22.655,88.447,26.824,75.812,46
19.089,72.868,26.824,75.812,64
18.582,73.92,26.824,75.812,21
21.114,72.742,26.824,75.812,10
24.618,73.896,26.824,75.812,17
25.452,82.859,26.824,75.812,11
23.077,72.635,26.889,70.865,12
12.95,77.668,26.889,70.865,7
19.089,72.868,26.889,70.865,7
28.567,77.103,26.889,70.865,7
26.824,75.812,26.889,70.865,7
21.114,72.742,26.889,70.865,7
23.077,72.635,26.251,73.049,13
12.95,77.668,26.251,73.049,7
28.567,77.103,26.251,73.049,35
19.089,72.868,26.251,73.049,28
18.582,73.92,26.251,73.049,6
23.077,72.635,26.5894,74.8171,6
28.567,77.103,26.5894,74.8171,7
17.453,78.468,26.5894,74.8171,7
23.077,72.635,24.618,73.896,7
19.863,75.398,24.618,73.896,3
12.95,77.668,24.618,73.896,7
23.287,77.337,24.618,73.896,7
28.567,77.103,24.618,73.896,59
17.453,78.468,24.618,73.896,7
26.824,75.812,24.618,73.896,24
19.089,72.868,24.618,73.896,35
21.114,72.742,24.618,73.896,7
30.2715,74.7458,32.689,74.837,3
28.567,77.103,32.689,74.837,56
26.293,78.228,32.689,74.837,7
34.1425,77.5555,32.689,74.837,10
26.761,80.889,32.689,74.837,7
19.089,72.868,32.689,74.837,90
33.987,74.774,32.689,74.837,53
31.71,74.797,33.987,74.774,14
30.673,76.789,33.987,74.774,18
28.567,77.103,33.987,74.774,96
32.689,74.837,33.987,74.774,142
34.1425,77.5555,33.987,74.774,2
19.089,72.868,33.987,74.774,10
23.077,72.635,19.863,75.398,7
28.567,77.103,19.863,75.398,21
17.453,78.468,19.863,75.398,14
19.089,72.868,19.863,75.398,17
24.618,73.896,19.863,75.398,3
12.95,77.668,16.665,74.289,7
17.453,78.468,16.665,74.289,14
19.089,72.868,16.665,74.289,5
13.634,79.5443,16.665,74.289,7
23.077,72.635,19.089,72.868,90
25.44,81.734,19.089,72.868,7
31.71,74.797,19.089,72.868,19
23.6179,87.2401,19.089,72.868,7
19.863,75.398,19.089,72.868,10
26.681,88.329,19.089,72.868,21
12.95,77.668,19.089,72.868,261
15.8631,74.6114,19.089,72.868,7
15.859,74.618,19.089,72.868,4
21.752,72.185,19.089,72.868,7
23.287,77.337,19.089,72.868,28
20.244,85.818,19.089,72.868,28
23.288,69.67,19.089,72.868,7
11.137,75.955,19.089,72.868,14
30.673,76.789,19.089,72.868,56
12.907,80.122,19.089,72.868,154
10.152,76.402,19.089,72.868,56
11.03,77.043,19.089,72.868,43
30.19,78.18,19.089,72.868,31
28.567,77.103,19.089,72.868,457
20.713,70.921,19.089,72.868,7
15.381,73.831,19.089,72.868,137
26.74,83.45,19.089,72.868,7
26.106,91.586,19.089,72.868,28
15.362,75.085,19.089,72.868,5
17.453,78.468,19.089,72.868,157
22.7281,75.8042,19.089,72.868,38
23.113,70.1,19.089,72.868,7
23.178,80.052,19.089,72.868,7
26.824,75.812,19.089,72.868,56
26.889,70.865,19.089,72.868,7
20.9614,75.6192,19.089,72.868,5
22.466,70.013,19.089,72.868,7
26.251,73.049,19.089,72.868,28
11.9171,75.547,19.089,72.868,7
26.441,80.365,19.089,72.868,28
16.665,74.289,19.089,72.868,5
22.655,88.447,19.089,72.868,178
26.761,80.889,19.089,72.868,49
9.835,78.093,19.089,72.868,7
12.961,74.89,19.089,72.868,28
21.0901,79.0548,19.089,72.868,58
19.1833,77.3347,19.089,72.868,7
25.591,85.088,19.089,72.868,70
21.649,69.657,19.089,72.868,7
11.641,92.73,19.089,72.868,7
21.18,81.739,19.089,72.868,14
22.309,70.78,19.089,72.868,18
23.3173,85.3251,19.089,72.868,29
19.6924,74.3941,19.089,72.868,7
33.987,74.774,19.089,72.868,107
21.114,72.742,19.089,72.868,7
8.4834,76.9198,19.089,72.868,30
24.618,73.896,19.089,72.868,35
22.336,73.226,19.089,72.868,21
25.452,82.859,19.089,72.868,43
17.7285,83.2236,19.089,72.868,12
23.077,72.635,21.0901,79.0548,7
31.71,74.797,21.0901,79.0548,2
12.95,77.668,21.0901,79.0548,28
23.287,77.337,21.0901,79.0548,7
30.673,76.789,21.0901,79.0548,2
12.907,80.122,21.0901,79.0548,7
21.18,81.739,21.0901,79.0548,3
28.567,77.103,21.0901,79.0548,84
15.381,73.831,21.0901,79.0548,14
17.453,78.468,21.0901,79.0548,7
22.7281,75.8042,21.0901,79.0548,15
22.655,88.447,21.0901,79.0548,21
26.761,80.889,21.0901,79.0548,1
19.089,72.868,21.0901,79.0548,57
25.591,85.088,21.0901,79.0548,7
18.582,73.92,21.0901,79.0548,40
21.18,81.739,21.0901,79.0548,7
23.077,72.635,18.582,73.92,41
12.95,77.668,18.582,73.92,117
15.8631,74.6114,18.582,73.92,6
23.287,77.337,18.582,73.92,6
30.673,76.789,18.582,73.92,3
12.907,80.122,18.582,73.92,42
10.152,76.402,18.582,73.92,13
11.03,77.043,18.582,73.92,7
28.567,77.103,18.582,73.92,167
15.381,73.831,18.582,73.92,19
17.453,78.468,18.582,73.92,34
26.824,75.812,18.582,73.92,22
26.251,73.049,18.582,73.92,6
22.655,88.447,18.582,73.92,47
26.761,80.889,18.582,73.92,7
21.0901,79.0548,18.582,73.92,27
20.1129,73.8938,18.582,73.92,7
12.95,77.668,19.6924,74.3941,19
12.907,80.122,19.6924,74.3941,14
28.567,77.103,19.6924,74.3941,14
17.453,78.468,19.6924,74.3941,31
22.7281,75.8042,19.6924,74.3941,7
19.089,72.868,19.6924,74.3941,7
23.077,72.635,20.1129,73.8938,12
17.453,78.468,20.1129,73.8938,7
18.582,73.92,20.1129,73.8938,3
17.453,78.468,19.1833,77.3347,7
19.089,72.868,19.1833,77.3347,7
23.077,72.635,20.9614,75.6192,7
19.089,72.868,20.9614,75.6192,5
12.95,77.668,11.641,92.73,7
12.907,80.122,11.641,92.73,27
28.567,77.103,11.641,92.73,6
17.453,78.468,11.641,92.73,7
22.655,88.447,11.641,92.73,38
17.7285,83.2236,11.641,92.73,5
17.453,78.468,19.074,82.037,7
21.18,81.739,19.074,82.037,7
23.077,72.635,21.18,81.739,7
25.44,81.734,21.18,81.739,21
12.95,77.668,21.18,81.739,14
23.287,77.337,21.18,81.739,7
12.907,80.122,21.18,81.739,7
28.567,77.103,21.18,81.739,42
17.453,78.468,21.18,81.739,28
22.7281,75.8042,21.18,81.739,14
19.074,82.037,21.18,81.739,7
21.914,84.05,21.18,81.739,7
22.655,88.447,21.18,81.739,21
19.089,72.868,21.18,81.739,14
23.3173,85.3251,21.18,81.739,7
15.8631,74.6114,14.51,78.773,7
12.907,80.122,14.51,78.773,7
17.453,78.468,14.51,78.773,7
16.53,80.797,14.51,78.773,7
12.95,77.668,17.11,81.818,14
12.907,80.122,17.11,81.818,7
17.453,78.468,17.11,81.818,49
17.7285,83.2236,17.11,81.818,7
12.95,77.668,13.634,79.5443,7
15.8631,74.6114,13.634,79.5443,7
10.152,76.402,13.634,79.5443,6
28.567,77.103,13.634,79.5443,7
15.362,75.085,13.634,79.5443,7
17.453,78.468,13.634,79.5443,62
16.665,74.289,13.634,79.5443,7
16.53,80.797,13.634,79.5443,9
12.95,77.668,16.53,80.797,40
12.907,80.122,16.53,80.797,14
28.567,77.103,16.53,80.797,14
17.453,78.468,16.53,80.797,63
14.5184,78.768,16.53,80.797,7
13.634,79.5443,16.53,80.797,9
17.7285,83.2236,16.53,80.797,13
12.95,77.668,17.7285,83.2236,34
12.907,80.122,17.7285,83.2236,27
28.567,77.103,17.7285,83.2236,47
17.453,78.468,17.7285,83.2236,92
22.655,88.447,17.7285,83.2236,19
19.089,72.868,17.7285,83.2236,5
11.641,92.73,17.7285,83.2236,6
21.18,81.739,17.7285,83.2236,7
17.11,81.818,17.7285,83.2236,7
16.53,80.797,17.7285,83.2236,13
12.95,77.668,23.3173,85.3251,37
20.244,85.818,23.3173,85.3251,7
28.567,77.103,23.3173,85.3251,98
17.453,78.468,23.3173,85.3251,14
22.655,88.447,23.3173,85.3251,28
19.089,72.868,23.3173,85.3251,26
25.591,85.088,23.3173,85.3251,8
21.18,81.739,23.3173,85.3251,7
22.655,88.447,25.7062,91.9751,7
30.673,76.789,32.165,76.2601,6
28.567,77.103,32.165,76.2601,15
31.082,77.068,32.165,76.2601,3
30.673,76.789,31.877,77.154,18
28.567,77.103,31.877,77.154,21
31.082,77.068,31.877,77.154,3
30.673,76.789,31.082,77.068,6
28.567,77.103,31.082,77.068,7
32.165,76.2601,31.082,77.068,3
31.877,77.154,31.082,77.068,3
23.077,72.635,20.713,70.921,6
19.089,72.868,20.713,70.921,7
30.673,76.789,34.1425,77.5555,4
28.567,77.103,34.1425,77.5555,30
32.689,74.837,34.1425,77.5555,3
33.987,74.774,34.1425,77.5555,2
28.567,77.103,34.653,77.376,2
26.106,91.586,28.066,95.336,4
22.655,88.447,27.231,88.587,7
12.95,77.668,11.969,79.81,5
17.453,78.468,11.969,79.81,7
